,V1,V2v,V2d,V3v,V3d,hV4,VO-1,VO-2,PHC-1,PHC-2,LO-1,LO-2,TO-1,TO-2
subj01,96.39532811125943,90.62029643885627,99.01377271302539,117.25205188771484,122.68954752426613,53.652595537991644,129.23557116978134,29.484281448933764,21.64860163043217,44.09756248857994,49.61759435681235,129.84557639270037,112.1728772905778,48.33467215111792
subj02,87.09950512194003,91.68133839975408,92.78346482975986,120.25419087631295,121.11339259461813,89.18419421789349,109.96384301929412,137.15647424107001,109.69395405952731,166.10269595915346,80.08172441782996,98.78987157293535,78.02619591387166,85.84811426388204
subj03,75.67046439268556,84.70656604815963,80.06468567252384,83.37659470581025,91.82772664625551,91.97700511475189,102.8282852869034,87.62046865526608,86.79281605780032,103.28461180112717,74.74203383058969,104.5353148112099,66.09425432056833,73.11935151466837
subj04,92.39338529662606,102.97734933765992,94.14511016922945,129.29323969784878,122.70756240786505,97.04950203117536,88.88698357845152,132.61233671484464,131.71354634790774,111.71748507468503,83.973094042242,81.2942477973339,94.5981861358622,85.9233000611518
subj05,59.48736674908011,70.47844269551089,71.46316351128466,75.12925478809944,81.35814716625862,82.8203814214619,92.2970827758371,81.38436989132376,83.02168675144698,90.32602589100202,89.68746094259063,90.67450076196394,97.84886242471582,26.363034702754724
subj06,64.91886256979866,109.98645992718596,90.31846765664542,108.04419425503987,95.77020233430068,98.34863874650864,96.74391217567481,133.53410692854575,83.59018807292074,136.57892512505677,91.32530655526095,87.99805219598079,96.43441909399792,86.60449786482299
subj07,102.02094481968612,95.82665338528159,87.75923769649432,132.7605194474238,132.15611524578216,85.3703926671326,110.89872461622939,116.99353429555285,127.99457180446768,108.271966983293,108.03315812246102,69.55521312637511,80.95819360573937,139.16919828059318
subj08,46.30107265577926,39.076777686573315,42.54306415217934,52.92542882340111,47.44540002377538,46.56463621003111,46.978150954033616,61.45129728361352,75.46773930827327,46.57341945071315,30.836259846485195,99.04225694142005,110.41935353982291,60.01277793433493
