,V1,V2v,V2d,V3v,V3d,hV4,VO-1,VO-2,PHC-1,PHC-2,LO-1,LO-2,TO-1,TO-2
subj01,110.97404681478076,108.58446199902023,107.69295878775084,78.75433863505863,95.05779739989572,97.72509583299397,53.36528290000486,104.85831729748107,107.58560876654124,98.96876140767054,83.19722105894463,86.47769693087774,112.04521687083526,117.8284370481162
subj02,83.53436599830695,120.50835453840858,115.58213129482385,100.00183883168461,92.94342611730791,78.76006511453238,91.9779458159664,158.98600986303154,114.48048127674859,129.22013862416742,88.52660440877152,96.95503040185487,89.0485003215489,88.74859526036023
subj03,74.34591819186836,93.86156329794181,80.18778698860594,77.77908524377082,90.16810140972821,82.78646183761896,86.61909314279153,94.75511319127646,107.27126807066165,80.7746213309401,89.98481427050068,104.98823193105206,79.24982627467715,67.03121266143948
subj04,92.57906157697411,133.95527760203336,114.87424196363227,113.5518968377498,101.35416348074115,78.306542709514,87.37670093604613,81.53294729319214,110.53432684168692,119.96597665009709,77.24421151486057,83.42942604690371,77.39695839517947,120.56261433177433
subj05,66.75923877956723,73.34222072741537,74.99403325348881,78.40857249775534,75.08169663106577,92.02013659388237,82.52530611959052,91.40533559238644,85.97112628341758,87.77334793247634,94.59036882683714,91.95169179660196,49.705848194716694,82.97683255564232
subj06,93.48494561294277,108.68757110401285,97.56119360557477,88.87884863797531,89.32470181702254,88.72803188392163,108.75480857187809,53.95950900785323,42.62525120643442,33.90283177468496,92.25339970564575,85.54269106035363,102.16085900659256,88.52083315539065
subj07,86.5777715722889,120.99240562002835,115.63767871331909,109.65779484768886,115.81313497580241,73.20225697761836,98.1680220691556,79.15936292489063,90.37332136005034,81.16304659194091,72.22329115610127,69.60717944537869,71.6279990478735,86.7155725515391
subj08,40.76707664495291,50.57673440130446,56.961100975874075,55.21849943967863,52.298360190369294,58.99936674195485,123.12550234639254,97.30027488671553,89.65707229248385,72.347770543646,74.34179430373153,103.67013625631208,116.24827882577844,97.93123083698926
